headline,timestamp,sentiment
"ROSEN, A LEADING INVESTOR RIGHTS LAW FIRM, Encourages Bumble Inc. Investors to Secure Counsel Before Important Deadline in Securities Class Action - BMBL - Bumble  ( NASDAQ:BMBL ) ",20241103T152200,0.17500000000000002
South Dakota's Adult-Use Cannabis Legalization Ballot Sparks Major Funding Race,20241103T150328,0.0625
Before you continue,20241103T144025,0.0
Apple Satellite Connectivity Provider Globalstar And Timberland Parent V.F Corp Are Among Top 7 Mid Cap Gainers Last Week  ( Oct 28-Nov 1 ) : Are The Others In Your Portfolio?,20241103T142842,0.16666666666666666
Before you continue,20241103T142723,0.0
Before you continue,20241103T142624,0.0
Before you continue,20241103T142140,0.0
"Tap-to-Earn Isn't a Telegram Game Genre, It's a Launch Strategy: TON Society Founder",20241103T141457,-0.4
Before you continue,20241103T141042,0.0
Before you continue,20241103T140449,0.0
2 Fantastic Dividend Stocks to Buy Right Now for Income and Growth,20241103T135000,0.34285714285714286
Before you continue,20241103T133747,0.0
"Here's the Maximum Possible Social Security Benefit at Ages 62, 67, and 70 in 2025",20241103T133500,0.016666666666666666
3 Potential Catalysts That Could Lift Pfizer Stock Before 2025,20241103T133309,0.0
Want a Job? Talk to Our AI Avatar,20241103T132942,0.0
Before you continue,20241103T132609,0.0
Before you continue,20241103T132237,0.0
7 Best Free Games to Play on Nintendo Switch,20241103T132011,0.7
"AST SpaceMobile Raised $150 Million, But at What Cost?",20241103T132000,0.0
Chevron Continues to Grow Bigger and Better,20241103T131600,0.25
"Consumer Tech News  ( Oct 28-Nov 1 ) : Apple Starts Manufacturing Entry-Level iPhone Model, US Bans Investments In China's Semiconductor & AI, & More - Alphabet  ( NASDAQ:GOOG ) , Apple  ( NASDAQ:AAPL ) ",20241103T130038,0.5
Why flights to Europe are the cheapest they've been in years,20241103T130001,0.0
7 favorite words and phrases used by crypto shillers,20241103T130000,0.5
Companies without a crypto wallet will be left behind,20241103T130000,-0.2
"If I Could Buy Only 5 Stocks in the Vanguard Value ETF Through 2025, I'd Pick These 3 High-Yield Blue-Chip Dividend Stocks and These 2 Top Tech Stocks",20241103T130000,0.25
"Got $1,000? This 7%-Yielding Dividend Stock Could Turn It Into a Lucrative Monthly Passive Income Stream.",20241103T124200,0.0
"If You'd Invested $20 in Bitcoin 15 Years Ago, Here's How Much You'd Have Today",20241103T123200,0.2
"Chipotle's Hiring, Musk's Predictions, And Nvidia's Human-Like AI: This Week In Artificial Intelligence - Alphabet  ( NASDAQ:GOOG ) , Chipotle Mexican Grill  ( NYSE:CMG ) ",20241103T123014,-0.3
"Yes, Alphabet's Still a Buy After Its Post-Earnings Pop  ( but Not for the Reason You Might Think ) ",20241103T123000,0.0
2 Top Warren Buffett Stocks to Buy in November,20241103T122800,0.5
Before you continue,20241103T122407,0.0
Before you continue,20241103T122017,0.0
Before you continue,20241103T121659,0.0
"This Artificial Intelligence  ( AI )  Stock Soared 69% in 2024, and It Could Fly Higher After Nov. 7",20241103T121500,0.15000000000000002
"$4,000 Invested in Nvidia a Decade Ago Would Have Made You a Millionaire Today",20241103T121500,0.0
Could Buying Celsius Holdings Stock Today Set You Up for Life?,20241103T121300,0.0
Social Security Benefits Get a 2.5% COLA in 2025. Will 2026's COLA Be Higher or Lower?,20241103T120900,0.14166666666666666
Bitcoin analyst sees $66K 'local bottom' as BTC price liquidates $200M,20241103T120847,0.0
Before you continue,20241103T120807,0.0
Aerospace Giant Lockheed Martin Performs Poorly in Both Aero and Space,20241103T120700,-0.2
Before you continue,20241103T120242,0.0
"Trump Meme Coins Soar, Bitcoin Breaks $70K, Cat-Themed Coins Rally And More: This Week In Crypto",20241103T120018,0.5
Opinion: The 3 Best Tech Stocks to Own Ahead of 2025,20241103T120000,0.8
Before you continue,20241103T115756,0.0
You'll Never Believe What Taiwan Semiconductor's CEO Just Said About Artificial Intelligence  ( AI )  Chip Demand,20241103T115300,-0.6
Which Industries Should You Find Penny Stocks in For 2025,20241103T115200,0.0
Top Wall Street analysts are confident about the long-term potential of these 3 stocks,20241103T114938,0.3333333333333333
"1 Hypergrowth Stock That Has 120% Upside, According to 1 Wall Street Analyst",20241103T114600,0.0
Before you continue,20241103T114455,0.0
3 Magnificent Stocks Under $100 to Buy in November,20241103T114100,1.0
